ID,Дата,Категория,Товар,Город,Количество,Цена,Сумма
1,2026-02-27,Продукты,Хлеб,Санкт-Петербург,12,1433.14,17197.68
2,2026-01-23,Продукты,Фрукты,Новосибирск,12,4469.52,53634.24
3,2026-03-01,Бытовые товары,Лампа,Новосибирск,1,540.98,540.98
4,2026-06-29,Продукты,Чай,Новосибирск,4,3602.82,14411.28
5,2026-01-02,Бытовые товары,Контейнер,Санкт-Петербург,8,2979.19,23833.52
6,2026-03-28,Бытовые товары,Полотенце,Москва,5,844.96,4224.8
7,2026-03-30,Продукты,Кофе,Новосибирск,2,1846.18,3692.36
8,2026-02-01,Канцтовары,Бумага,Казань,12,2340.37,28084.44
9,2026-06-08,Продукты,Чай,Владивосток,5,4160.67,20803.35
10,2026-03-16,Электроника,Мышь,Москва,1,3333.42,3333.42
11,2026-06-12,Электроника,Мышь,Владивосток,7,1447.63,10133.41
12,2026-03-10,Электроника,Наушники,Москва,6,1110.77,6664.62
13,2026-04-29,Электроника,Веб-камера,Казань,12,1284.47,15413.64
14,2026-01-15,Канцтовары,Маркеры,Санкт-Петербург,4,3448.3,13793.2
15,2026-02-24,Продукты,Сыр,Новосибирск,7,1397.29,9781.03
16,2026-06-14,Канцтовары,Ручки,Казань,11,2536.22,27898.42
17,2026-05-24,Электроника,Наушники,Новосибирск,3,1293.41,3880.23
18,2026-04-13,Канцтовары,Маркеры,Владивосток,7,4497.29,31481.03
19,2026-01-13,Электроника,Клавиатура,Москва,9,2508.1,22572.9
20,2026-01-17,Электроника,Клавиатура,Казань,11,2157.03,23727.33
21,2026-05-22,Бытовые товары,Средство для уборки,Москва,9,1316.96,11852.64
22,2026-06-14,Продукты,Фрукты,Владивосток,9,3774.32,33968.88
23,2026-01-01,Продукты,Сыр,Владивосток,7,858.14,6006.98
24,2026-03-18,Электроника,Веб-камера,Новосибирск,2,4362.95,8725.9
25,2026-05-19,Электроника,Клавиатура,Новосибирск,6,3831.55,22989.3
26,2026-01-29,Продукты,Чай,Владивосток,6,2483.94,14903.64
27,2026-05-26,Канцтовары,Ручки,Москва,1,1265.09,1265.09
28,2026-05-17,Продукты,Фрукты,Санкт-Петербург,8,4094.83,32758.64
29,2026-05-16,Электроника,Флешка,Новосибирск,9,892.42,8031.78
30,2026-06-26,Бытовые товары,Контейнер,Санкт-Петербург,9,3795.9,34163.1
31,2026-04-23,Канцтовары,Папки,Новосибирск,11,3277.4,36051.4
32,2026-03-28,Бытовые товары,Лампа,Москва,4,1185.51,4742.04
33,2026-06-11,Электроника,Веб-камера,Москва,4,115.38,461.52
34,2026-01-19,Электроника,Мышь,Новосибирск,1,4309.41,4309.41
35,2026-05-19,Электроника,Наушники,Санкт-Петербург,11,2468.24,27150.64
36,2026-02-18,Бытовые товары,Контейнер,Москва,8,4052.89,32423.12
37,2026-04-16,Продукты,Фрукты,Казань,7,1823.14,12761.98
38,2026-01-26,Продукты,Фрукты,Москва,11,4922.09,54142.99
39,2026-02-18,Бытовые товары,Полотенце,Новосибирск,2,1303.39,2606.78
40,2026-04-29,Бытовые товары,Контейнер,Санкт-Петербург,7,982.76,6879.32
41,2026-06-16,Продукты,Кофе,Новосибирск,9,561.71,5055.39
42,2026-05-05,Продукты,Хлеб,Казань,4,898.25,3593.0
43,2026-01-01,Электроника,Флешка,Казань,1,890.01,890.01
44,2026-05-23,Канцтовары,Папки,Казань,5,2161.2,10806.0
45,2026-01-15,Электроника,Клавиатура,Новосибирск,5,1151.09,5755.45
46,2026-05-30,Продукты,Фрукты,Казань,6,361.25,2167.5
47,2026-02-17,Электроника,Мышь,Москва,9,474.15,4267.35
48,2026-05-26,Продукты,Фрукты,Санкт-Петербург,4,2066.58,8266.32
49,2026-05-30,Продукты,Чай,Новосибирск,2,2142.59,4285.18
50,2026-03-22,Канцтовары,Тетради,Санкт-Петербург,4,3375.05,13500.2
51,2026-03-18,Канцтовары,Папки,Казань,3,3384.72,10154.16
52,2026-05-25,Канцтовары,Бумага,Москва,1,2334.76,2334.76
53,2026-02-03,Продукты,Чай,Владивосток,4,2568.95,10275.8
54,2026-04-23,Продукты,Молоко,Новосибирск,6,1482.14,8892.84
55,2026-06-20,Канцтовары,Маркеры,Новосибирск,11,2682.39,29506.29
56,2026-01-28,Канцтовары,Бумага,Новосибирск,3,1381.17,4143.51
57,2026-03-29,Электроника,Наушники,Санкт-Петербург,5,3055.76,15278.8
58,2026-01-14,Канцтовары,Маркеры,Москва,8,1315.52,10524.16
59,2026-02-03,Бытовые товары,Полотенце,Владивосток,1,97.44,97.44
60,2026-05-24,Электроника,Флешка,Москва,9,3551.88,31966.92
61,2026-05-20,Продукты,Хлеб,Москва,12,4527.33,54327.96
62,2026-02-02,Канцтовары,Маркеры,Москва,9,808.62,7277.58
63,2026-02-23,Канцтовары,Тетради,Санкт-Петербург,1,4502.71,4502.71
64,2026-04-15,Продукты,Сыр,Новосибирск,9,4429.94,39869.46
65,2026-02-15,Электроника,Клавиатура,Казань,3,4882.93,14648.79
66,2026-04-16,Продукты,Молоко,Санкт-Петербург,12,4628.48,55541.76
67,2026-01-10,Канцтовары,Ручки,Казань,12,611.83,7341.96
68,2026-02-28,Электроника,Клавиатура,Санкт-Петербург,8,1800.32,14402.56
69,2026-03-13,Продукты,Фрукты,Москва,4,2040.45,8161.8
70,2026-06-23,Канцтовары,Тетради,Новосибирск,11,2586.28,28449.08
71,2026-03-08,Канцтовары,Бумага,Санкт-Петербург,2,4395.03,8790.06
72,2026-03-30,Канцтовары,Бумага,Владивосток,2,3015.13,6030.26
73,2026-02-18,Бытовые товары,Лампа,Владивосток,7,4505.56,31538.92
74,2026-05-18,Продукты,Фрукты,Санкт-Петербург,7,88.32,618.24
75,2026-03-26,Канцтовары,Папки,Новосибирск,2,4748.46,9496.92
76,2026-05-10,Канцтовары,Бумага,Владивосток,12,4508.23,54098.76
77,2026-05-22,Бытовые товары,Полотенце,Санкт-Петербург,7,3510.27,24571.89
78,2026-06-23,Электроника,Флешка,Санкт-Петербург,11,4706.59,51772.49
79,2026-03-19,Канцтовары,Папки,Владивосток,9,4181.93,37637.37
80,2026-03-24,Электроника,Флешка,Казань,10,3064.77,30647.7
81,2026-05-02,Бытовые товары,Средство для уборки,Санкт-Петербург,11,1131.41,12445.51
82,2026-06-08,Продукты,Сыр,Владивосток,9,3346.16,30115.44
83,2026-02-20,Продукты,Молоко,Санкт-Петербург,11,1607.26,17679.86
84,2026-06-06,Продукты,Хлеб,Москва,4,4920.97,19683.88
85,2026-06-28,Бытовые товары,Средство для уборки,Казань,11,2912.3,32035.3
86,2026-06-26,Бытовые товары,Средство для уборки,Москва,4,806.05,3224.2
87,2026-06-28,Продукты,Кофе,Новосибирск,4,945.36,3781.44
88,2026-02-01,Бытовые товары,Лампа,Казань,9,1306.06,11754.54
89,2026-05-24,Электроника,Флешка,Новосибирск,11,2693.17,29624.87
90,2026-05-10,Канцтовары,Папки,Казань,10,4089.83,40898.3
91,2026-04-26,Бытовые товары,Контейнер,Владивосток,12,4318.55,51822.6
92,2026-03-03,Электроника,Наушники,Владивосток,9,2464.22,22177.98
93,2026-03-11,Бытовые товары,Лампа,Владивосток,12,1485.78,17829.36
94,2026-03-01,Канцтовары,Маркеры,Казань,2,760.8,1521.6
95,2026-03-26,Электроника,Клавиатура,Новосибирск,2,2121.15,4242.3
96,2026-04-18,Бытовые товары,Средство для уборки,Казань,1,1097.63,1097.63
97,2026-04-01,Продукты,Чай,Владивосток,7,2426.74,16987.18
98,2026-05-20,Бытовые товары,Средство для уборки,Новосибирск,9,3757.78,33820.02
99,2026-05-05,Электроника,Флешка,Москва,4,1422.84,5691.36
100,2026-04-14,Бытовые товары,Полотенце,Санкт-Петербург,11,3421.38,37635.18
101,2026-04-11,Бытовые товары,Контейнер,Новосибирск,10,2707.89,27078.9
102,2026-04-29,Продукты,Хлеб,Санкт-Петербург,11,2188.77,24076.47
103,2026-04-27,Продукты,Сыр,Владивосток,7,1690.58,11834.06
104,2026-04-18,Канцтовары,Папки,Владивосток,5,3779.89,18899.45
105,2026-01-14,Продукты,Кофе,Владивосток,1,3765.2,3765.2
106,2026-01-08,Электроника,Мышь,Санкт-Петербург,11,278.07,3058.77
107,2026-02-02,Электроника,Мышь,Казань,10,829.72,8297.2
108,2026-03-07,Продукты,Чай,Владивосток,4,2367.97,9471.88
109,2026-01-30,Электроника,Веб-камера,Санкт-Петербург,10,4821.57,48215.7
110,2026-03-21,Канцтовары,Бумага,Новосибирск,10,206.34,2063.4
111,2026-06-01,Бытовые товары,Средство для уборки,Санкт-Петербург,12,1055.78,12669.36
112,2026-06-03,Продукты,Фрукты,Москва,5,4263.44,21317.2
113,2026-04-05,Продукты,Сыр,Москва,9,2187.62,19688.58
114,2026-01-28,Канцтовары,Бумага,Казань,7,4125.87,28881.09
115,2026-02-15,Канцтовары,Папки,Новосибирск,12,832.72,9992.64
116,2026-04-30,Канцтовары,Маркеры,Казань,9,3891.24,35021.16
117,2026-01-23,Канцтовары,Тетради,Владивосток,4,4167.2,16668.8
118,2026-06-21,Бытовые товары,Контейнер,Казань,8,2883.66,23069.28
119,2026-02-16,Канцтовары,Бумага,Казань,8,4266.69,34133.52
120,2026-06-02,Электроника,Наушники,Владивосток,5,1754.47,8772.35
121,2026-04-15,Продукты,Чай,Казань,4,501.22,2004.88
122,2026-04-25,Электроника,Флешка,Москва,11,3582.26,39404.86
123,2026-03-04,Продукты,Сыр,Владивосток,4,2069.65,8278.6
124,2026-04-19,Канцтовары,Папки,Новосибирск,9,2692.14,24229.26
125,2026-03-20,Канцтовары,Тетради,Владивосток,12,2312.43,27749.16
126,2026-01-31,Электроника,Мышь,Новосибирск,12,1027.51,12330.12
127,2026-03-12,Электроника,Клавиатура,Новосибирск,4,3713.93,14855.72
128,2026-04-03,Канцтовары,Бумага,Санкт-Петербург,4,1537.53,6150.12
129,2026-03-12,Канцтовары,Бумага,Москва,12,2707.94,32495.28
130,2026-02-02,Продукты,Чай,Казань,5,3511.29,17556.45
131,2026-05-03,Продукты,Хлеб,Казань,10,1478.95,14789.5
132,2026-05-03,Канцтовары,Ручки,Москва,1,1322.19,1322.19
133,2026-06-11,Продукты,Кофе,Москва,8,444.48,3555.84
134,2026-01-22,Электроника,Клавиатура,Санкт-Петербург,10,4749.7,47497.0
135,2026-06-08,Продукты,Чай,Санкт-Петербург,7,3063.08,21441.56
136,2026-05-31,Бытовые товары,Средство для уборки,Казань,8,1542.98,12343.84
137,2026-01-26,Канцтовары,Маркеры,Санкт-Петербург,10,376.33,3763.3
138,2026-03-03,Электроника,Наушники,Санкт-Петербург,11,479.44,5273.84
139,2026-06-26,Продукты,Молоко,Новосибирск,1,2089.91,2089.91
140,2026-06-30,Бытовые товары,Полотенце,Владивосток,1,1218.86,1218.86
141,2026-03-09,Бытовые товары,Лампа,Новосибирск,11,1228.45,13512.95
142,2026-06-15,Электроника,Флешка,Санкт-Петербург,2,2759.25,5518.5
143,2026-03-20,Канцтовары,Ручки,Новосибирск,2,373.42,746.84
144,2026-03-19,Канцтовары,Папки,Казань,2,2385.99,4771.98
145,2026-01-21,Канцтовары,Маркеры,Новосибирск,9,2509.47,22585.23
146,2026-03-06,Продукты,Кофе,Москва,12,1665.82,19989.84
147,2026-05-28,Продукты,Молоко,Новосибирск,11,4192.92,46122.12
148,2026-02-14,Продукты,Фрукты,Казань,5,2915.14,14575.7
149,2026-04-22,Бытовые товары,Полотенце,Казань,3,4984.97,14954.91
150,2026-03-24,Продукты,Кофе,Москва,6,2089.07,12534.42
151,2026-03-15,Электроника,Наушники,Казань,7,3492.87,24450.09
152,2026-03-24,Продукты,Кофе,Москва,2,1627.42,3254.84
153,2026-04-29,Бытовые товары,Лампа,Казань,11,4357.29,47930.19
154,2026-05-08,Продукты,Молоко,Казань,9,1859.95,16739.55
155,2026-03-15,Продукты,Молоко,Казань,5,2782.16,13910.8
156,2026-06-05,Бытовые товары,Лампа,Санкт-Петербург,1,4867.88,4867.88
157,2026-04-15,Электроника,Наушники,Москва,9,147.28,1325.52
158,2026-06-15,Электроника,Мышь,Санкт-Петербург,8,4739.54,37916.32
159,2026-04-17,Бытовые товары,Полотенце,Казань,9,3550.63,31955.67
160,2026-04-09,Бытовые товары,Контейнер,Санкт-Петербург,8,2792.22,22337.76
161,2026-04-17,Электроника,Мышь,Владивосток,5,3881.56,19407.8
162,2026-05-31,Канцтовары,Бумага,Новосибирск,5,3652.17,18260.85
163,2026-03-30,Бытовые товары,Контейнер,Владивосток,8,2729.82,21838.56
164,2026-06-28,Бытовые товары,Средство для уборки,Санкт-Петербург,6,4358.44,26150.64
165,2026-05-02,Бытовые товары,Контейнер,Казань,7,294.74,2063.18
166,2026-02-02,Бытовые товары,Контейнер,Новосибирск,8,4826.94,38615.52
167,2026-04-27,Канцтовары,Бумага,Москва,8,570.58,4564.64
168,2026-01-20,Электроника,Флешка,Казань,11,4852.19,53374.09
169,2026-06-16,Канцтовары,Тетради,Москва,10,3488.11,34881.1
170,2026-06-10,Канцтовары,Маркеры,Казань,7,4774.37,33420.59
171,2026-06-25,Продукты,Чай,Владивосток,2,1235.07,2470.14
172,2026-06-12,Электроника,Мышь,Москва,7,4893.42,34253.94
173,2026-01-08,Бытовые товары,Контейнер,Москва,12,1553.37,18640.44
174,2026-04-21,Канцтовары,Бумага,Санкт-Петербург,5,1843.64,9218.2
175,2026-02-16,Электроника,Веб-камера,Санкт-Петербург,7,2864.37,20050.59
176,2026-06-08,Электроника,Мышь,Санкт-Петербург,10,4364.53,43645.3
177,2026-03-07,Бытовые товары,Контейнер,Казань,4,2348.86,9395.44
178,2026-06-23,Канцтовары,Бумага,Новосибирск,8,4513.95,36111.6
179,2026-05-31,Электроника,Мышь,Владивосток,8,4730.56,37844.48
180,2026-02-20,Бытовые товары,Полотенце,Казань,8,4238.9,33911.2
181,2026-04-02,Бытовые товары,Лампа,Новосибирск,4,1956.31,7825.24
182,2026-06-18,Канцтовары,Тетради,Казань,1,4891.49,4891.49
183,2026-01-13,Канцтовары,Бумага,Новосибирск,10,4336.13,43361.3
184,2026-04-01,Бытовые товары,Полотенце,Санкт-Петербург,4,3066.76,12267.04
185,2026-06-18,Электроника,Веб-камера,Санкт-Петербург,5,3414.6,17073.0
186,2026-04-23,Продукты,Фрукты,Москва,11,273.96,3013.56
187,2026-03-25,Канцтовары,Ручки,Казань,2,4555.37,9110.74
188,2026-04-04,Электроника,Клавиатура,Новосибирск,3,3949.64,11848.92
189,2026-05-04,Канцтовары,Ручки,Владивосток,5,4577.12,22885.6
190,2026-02-06,Канцтовары,Бумага,Санкт-Петербург,8,4817.44,38539.52
191,2026-01-04,Бытовые товары,Полотенце,Владивосток,2,3970.16,7940.32
192,2026-06-22,Продукты,Кофе,Владивосток,6,3390.32,20341.92
193,2026-05-01,Бытовые товары,Полотенце,Москва,2,3400.2,6800.4
194,2026-06-12,Канцтовары,Маркеры,Казань,4,3266.45,13065.8
195,2026-01-10,Канцтовары,Папки,Владивосток,2,767.7,1535.4
196,2026-05-18,Бытовые товары,Лампа,Санкт-Петербург,2,1235.22,2470.44
197,2026-06-28,Бытовые товары,Средство для уборки,Новосибирск,6,3378.79,20272.74
198,2026-05-06,Бытовые товары,Контейнер,Новосибирск,7,3302.22,23115.54
199,2026-02-25,Бытовые товары,Полотенце,Казань,1,3476.18,3476.18
200,2026-06-25,Бытовые товары,Контейнер,Владивосток,6,568.82,3412.92
201,2026-02-01,Канцтовары,Бумага,Казань,7,1437.34,10061.38
202,2026-06-02,Продукты,Фрукты,Москва,4,3237.19,12948.76
203,2026-05-25,Продукты,Сыр,Санкт-Петербург,4,4945.0,19780.0
204,2026-03-01,Продукты,Чай,Владивосток,4,2965.0,11860.0
205,2026-02-07,Электроника,Веб-камера,Санкт-Петербург,1,1444.19,1444.19
206,2026-01-07,Канцтовары,Ручки,Санкт-Петербург,2,3332.4,6664.8
207,2026-01-05,Продукты,Сыр,Санкт-Петербург,4,2977.16,11908.64
208,2026-05-15,Канцтовары,Бумага,Москва,3,3729.25,11187.75
209,2026-05-12,Продукты,Кофе,Новосибирск,8,3907.84,31262.72
210,2026-06-07,Продукты,Кофе,Москва,9,1170.02,10530.18
211,2026-01-16,Канцтовары,Папки,Казань,11,4823.01,53053.11
212,2026-04-24,Бытовые товары,Средство для уборки,Москва,11,611.17,6722.87
213,2026-02-02,Продукты,Сыр,Владивосток,10,809.8,8098.0
214,2026-04-27,Канцтовары,Папки,Новосибирск,10,2690.34,26903.4
215,2026-06-17,Бытовые товары,Лампа,Новосибирск,12,642.92,7715.04
216,2026-04-16,Электроника,Флешка,Владивосток,8,4449.41,35595.28
217,2026-03-22,Бытовые товары,Средство для уборки,Казань,7,3669.69,25687.83
218,2026-06-25,Канцтовары,Тетради,Казань,6,4771.68,28630.08
219,2026-01-25,Продукты,Хлеб,Владивосток,2,538.69,1077.38
220,2026-05-24,Электроника,Веб-камера,Новосибирск,1,2965.41,2965.41
221,2026-06-20,Канцтовары,Бумага,Казань,7,1819.7,12737.9
222,2026-01-27,Продукты,Сыр,Новосибирск,10,1617.25,16172.5
223,2026-01-28,Электроника,Клавиатура,Владивосток,11,2452.37,26976.07
224,2026-04-20,Канцтовары,Бумага,Новосибирск,5,2904.57,14522.85
225,2026-03-10,Продукты,Чай,Москва,11,4160.95,45770.45
226,2026-03-28,Электроника,Наушники,Владивосток,12,3831.05,45972.6
227,2026-04-13,Продукты,Молоко,Москва,3,2866.3,8598.9
228,2026-02-25,Электроника,Мышь,Казань,2,3750.87,7501.74
229,2026-03-21,Бытовые товары,Средство для уборки,Владивосток,6,854.45,5126.7
230,2026-06-08,Продукты,Хлеб,Москва,3,854.46,2563.38
231,2026-05-05,Продукты,Сыр,Новосибирск,8,3336.74,26693.92
232,2026-05-12,Бытовые товары,Средство для уборки,Москва,5,1140.6,5703.0
233,2026-06-23,Канцтовары,Папки,Новосибирск,2,1473.57,2947.14
234,2026-06-03,Бытовые товары,Полотенце,Москва,1,1164.95,1164.95
235,2026-02-05,Продукты,Молоко,Владивосток,5,4730.99,23654.95
236,2026-04-21,Канцтовары,Тетради,Санкт-Петербург,2,118.03,236.06
237,2026-05-09,Электроника,Флешка,Новосибирск,9,3542.06,31878.54
238,2026-01-11,Канцтовары,Бумага,Казань,7,4319.88,30239.16
239,2026-05-28,Продукты,Кофе,Казань,2,4321.58,8643.16
240,2026-01-06,Бытовые товары,Средство для уборки,Владивосток,5,646.65,3233.25
241,2026-04-03,Электроника,Веб-камера,Москва,8,4173.57,33388.56
242,2026-04-13,Бытовые товары,Лампа,Новосибирск,4,2223.53,8894.12
243,2026-02-26,Продукты,Кофе,Владивосток,5,3749.36,18746.8
244,2026-05-16,Электроника,Мышь,Новосибирск,9,3195.47,28759.23
245,2026-06-15,Электроника,Наушники,Санкт-Петербург,6,3658.71,21952.26
246,2026-02-14,Электроника,Мышь,Новосибирск,3,1339.36,4018.08
247,2026-06-10,Электроника,Мышь,Казань,3,4760.36,14281.08
248,2026-05-25,Бытовые товары,Средство для уборки,Новосибирск,11,4626.84,50895.24
249,2026-05-01,Канцтовары,Тетради,Казань,3,2243.63,6730.89
250,2026-05-10,Канцтовары,Тетради,Москва,10,356.37,3563.7
251,2026-04-05,Канцтовары,Папки,Владивосток,8,265.03,2120.24
252,2026-05-10,Продукты,Фрукты,Казань,2,3105.84,6211.68
253,2026-05-27,Бытовые товары,Лампа,Санкт-Петербург,8,4552.53,36420.24
254,2026-01-16,Канцтовары,Маркеры,Казань,8,2546.73,20373.84
255,2026-06-15,Продукты,Сыр,Санкт-Петербург,12,494.9,5938.8
256,2026-04-23,Продукты,Молоко,Новосибирск,12,2233.77,26805.24
257,2026-04-10,Электроника,Наушники,Казань,6,4596.25,27577.5
258,2026-06-15,Канцтовары,Маркеры,Владивосток,1,3963.0,3963.0
259,2026-04-09,Продукты,Сыр,Владивосток,2,2825.18,5650.36
260,2026-05-30,Канцтовары,Маркеры,Санкт-Петербург,3,1720.14,5160.42
261,2026-04-11,Канцтовары,Тетради,Санкт-Петербург,11,3516.52,38681.72
262,2026-03-26,Продукты,Сыр,Санкт-Петербург,9,1933.26,17399.34
263,2026-04-03,Продукты,Фрукты,Москва,11,2163.16,23794.76
264,2026-03-29,Канцтовары,Тетради,Казань,3,4759.75,14279.25
265,2026-03-17,Электроника,Клавиатура,Москва,3,842.33,2526.99
266,2026-06-08,Продукты,Фрукты,Санкт-Петербург,6,4391.85,26351.1
267,2026-06-27,Бытовые товары,Контейнер,Новосибирск,3,969.76,2909.28
268,2026-06-23,Электроника,Флешка,Санкт-Петербург,1,2101.42,2101.42
269,2026-03-01,Бытовые товары,Полотенце,Новосибирск,12,3936.3,47235.6
270,2026-02-19,Электроника,Наушники,Владивосток,8,4527.55,36220.4
271,2026-05-09,Бытовые товары,Средство для уборки,Новосибирск,5,3908.37,19541.85
272,2026-02-05,Бытовые товары,Контейнер,Владивосток,4,4022.2,16088.8
273,2026-05-22,Продукты,Фрукты,Москва,8,4380.66,35045.28
274,2026-03-11,Продукты,Сыр,Казань,2,3834.53,7669.06
275,2026-02-26,Электроника,Флешка,Казань,2,4736.35,9472.7
276,2026-05-09,Канцтовары,Бумага,Владивосток,7,342.02,2394.14
277,2026-01-08,Электроника,Флешка,Владивосток,2,1924.57,3849.14
278,2026-02-07,Продукты,Фрукты,Санкт-Петербург,11,1729.63,19025.93
279,2026-02-05,Продукты,Сыр,Казань,8,3504.67,28037.36
280,2026-02-25,Бытовые товары,Лампа,Санкт-Петербург,2,173.5,347.0
281,2026-02-01,Бытовые товары,Лампа,Москва,5,1249.19,6245.95
282,2026-04-28,Электроника,Флешка,Москва,11,3985.98,43845.78
283,2026-06-11,Продукты,Кофе,Новосибирск,10,2717.38,27173.8
284,2026-06-07,Электроника,Клавиатура,Владивосток,5,2191.86,10959.3
285,2026-06-21,Электроника,Веб-камера,Москва,7,1001.58,7011.06
286,2026-05-10,Канцтовары,Бумага,Новосибирск,9,2756.88,24811.92
287,2026-04-10,Продукты,Кофе,Владивосток,8,294.19,2353.52
288,2026-03-30,Канцтовары,Бумага,Санкт-Петербург,6,3959.52,23757.12
289,2026-02-04,Продукты,Чай,Москва,12,3802.86,45634.32
290,2026-02-14,Канцтовары,Маркеры,Казань,6,4082.46,24494.76
291,2026-04-28,Бытовые товары,Контейнер,Москва,3,390.45,1171.35
292,2026-01-11,Канцтовары,Ручки,Владивосток,1,3972.26,3972.26
293,2026-05-20,Канцтовары,Маркеры,Казань,7,4946.48,34625.36
294,2026-04-02,Канцтовары,Бумага,Москва,11,1020.23,11222.53
295,2026-04-22,Канцтовары,Тетради,Казань,2,4012.76,8025.52
296,2026-05-08,Бытовые товары,Средство для уборки,Казань,6,4870.72,29224.32
297,2026-04-19,Канцтовары,Маркеры,Москва,5,4021.65,20108.25
298,2026-01-27,Бытовые товары,Контейнер,Москва,9,1525.33,13727.97
299,2026-04-20,Канцтовары,Тетради,Санкт-Петербург,5,2273.91,11369.55
300,2026-04-01,Бытовые товары,Полотенце,Новосибирск,8,288.39,2307.12
301,2026-01-15,Бытовые товары,Полотенце,Москва,11,4901.73,53919.03
302,2026-06-23,Бытовые товары,Полотенце,Санкт-Петербург,9,4021.39,36192.51
303,2026-04-23,Продукты,Молоко,Москва,10,3416.2,34162.0
304,2026-04-04,Электроника,Мышь,Владивосток,4,3910.3,15641.2
305,2026-04-26,Бытовые товары,Лампа,Владивосток,10,834.92,8349.2
306,2026-05-16,Канцтовары,Папки,Владивосток,2,2903.7,5807.4
307,2026-01-30,Бытовые товары,Полотенце,Москва,11,1451.15,15962.65
308,2026-05-24,Электроника,Флешка,Москва,9,1983.98,17855.82
309,2026-06-06,Канцтовары,Тетради,Владивосток,12,2275.66,27307.92
310,2026-01-19,Бытовые товары,Контейнер,Казань,2,747.78,1495.56
311,2026-03-23,Электроника,Флешка,Владивосток,2,4067.73,8135.46
312,2026-03-18,Продукты,Чай,Санкт-Петербург,9,1508.58,13577.22
313,2026-02-21,Электроника,Наушники,Санкт-Петербург,9,1183.27,10649.43
314,2026-05-27,Электроника,Флешка,Владивосток,1,1855.61,1855.61
315,2026-01-17,Бытовые товары,Контейнер,Владивосток,10,4430.49,44304.9
316,2026-04-15,Бытовые товары,Средство для уборки,Новосибирск,9,2101.11,18909.99
317,2026-04-26,Продукты,Молоко,Казань,6,3240.31,19441.86
318,2026-02-16,Канцтовары,Ручки,Санкт-Петербург,9,3227.79,29050.11
319,2026-03-19,Бытовые товары,Лампа,Санкт-Петербург,2,2629.06,5258.12
320,2026-05-13,Электроника,Наушники,Владивосток,12,1189.31,14271.72
321,2026-05-22,Продукты,Сыр,Владивосток,4,3204.48,12817.92
322,2026-05-09,Электроника,Наушники,Санкт-Петербург,10,2704.71,27047.1
323,2026-06-04,Электроника,Клавиатура,Владивосток,11,3152.44,34676.84
324,2026-06-14,Продукты,Хлеб,Новосибирск,2,303.67,607.34
325,2026-06-13,Канцтовары,Ручки,Москва,10,2129.61,21296.1
326,2026-05-04,Бытовые товары,Полотенце,Санкт-Петербург,11,4786.72,52653.92
327,2026-01-16,Бытовые товары,Полотенце,Санкт-Петербург,8,439.03,3512.24
328,2026-03-29,Бытовые товары,Средство для уборки,Новосибирск,8,2365.06,18920.48
329,2026-03-30,Электроника,Наушники,Казань,12,1651.04,19812.48
330,2026-03-23,Электроника,Наушники,Санкт-Петербург,9,2843.32,25589.88
331,2026-02-06,Бытовые товары,Лампа,Москва,5,2292.01,11460.05
332,2026-04-18,Продукты,Сыр,Санкт-Петербург,7,4331.69,30321.83
333,2026-02-18,Электроника,Наушники,Санкт-Петербург,10,3627.95,36279.5
334,2026-05-08,Бытовые товары,Средство для уборки,Москва,8,4405.05,35240.4
335,2026-03-03,Продукты,Кофе,Санкт-Петербург,9,2329.57,20966.13
336,2026-06-02,Канцтовары,Бумага,Казань,1,1464.27,1464.27
337,2026-04-21,Канцтовары,Маркеры,Санкт-Петербург,1,4248.09,4248.09
338,2026-04-13,Канцтовары,Тетради,Москва,7,1880.41,13162.87
339,2026-04-09,Электроника,Наушники,Новосибирск,9,1499.92,13499.28
340,2026-01-31,Бытовые товары,Полотенце,Санкт-Петербург,10,3427.56,34275.6
341,2026-03-28,Продукты,Кофе,Новосибирск,6,3990.89,23945.34
342,2026-04-13,Канцтовары,Ручки,Новосибирск,4,3044.12,12176.48
343,2026-03-27,Продукты,Хлеб,Казань,1,754.22,754.22
344,2026-02-05,Бытовые товары,Контейнер,Владивосток,10,4474.21,44742.1
345,2026-03-18,Канцтовары,Ручки,Новосибирск,7,4953.83,34676.81
346,2026-05-25,Канцтовары,Маркеры,Владивосток,9,2699.11,24291.99
347,2026-01-29,Бытовые товары,Лампа,Казань,6,1709.7,10258.2
348,2026-06-17,Канцтовары,Бумага,Новосибирск,10,2414.98,24149.8
349,2026-05-15,Электроника,Мышь,Новосибирск,10,2443.81,24438.1
350,2026-05-27,Бытовые товары,Контейнер,Москва,11,1271.61,13987.71
351,2026-02-08,Электроника,Мышь,Казань,8,1623.37,12986.96
352,2026-05-01,Электроника,Флешка,Москва,9,3892.86,35035.74
353,2026-06-19,Электроника,Веб-камера,Казань,4,2839.56,11358.24
354,2026-05-17,Бытовые товары,Полотенце,Владивосток,3,2341.54,7024.62
355,2026-03-05,Канцтовары,Тетради,Владивосток,10,2462.17,24621.7
356,2026-06-30,Канцтовары,Ручки,Санкт-Петербург,5,3874.18,19370.9
357,2026-03-12,Бытовые товары,Полотенце,Владивосток,8,1796.11,14368.88
358,2026-04-12,Продукты,Чай,Владивосток,11,2752.5,30277.5
359,2026-01-21,Электроника,Наушники,Владивосток,1,1495.14,1495.14
360,2026-02-21,Бытовые товары,Полотенце,Новосибирск,12,2437.07,29244.84
361,2026-01-28,Канцтовары,Маркеры,Новосибирск,12,1416.38,16996.56
362,2026-05-16,Электроника,Клавиатура,Санкт-Петербург,1,3375.58,3375.58
363,2026-05-01,Электроника,Мышь,Москва,2,2113.44,4226.88
364,2026-02-10,Электроника,Мышь,Казань,9,4891.32,44021.88
365,2026-03-15,Бытовые товары,Средство для уборки,Владивосток,11,1061.32,11674.52
366,2026-03-01,Канцтовары,Бумага,Новосибирск,2,3289.31,6578.62
367,2026-02-15,Продукты,Молоко,Москва,7,4420.65,30944.55
368,2026-03-16,Бытовые товары,Средство для уборки,Москва,3,4688.12,14064.36
369,2026-03-27,Продукты,Сыр,Владивосток,10,3045.69,30456.9
370,2026-04-30,Бытовые товары,Средство для уборки,Владивосток,3,4267.21,12801.63
371,2026-04-28,Электроника,Мышь,Владивосток,6,879.47,5276.82
372,2026-03-17,Электроника,Мышь,Новосибирск,12,1738.59,20863.08
373,2026-04-14,Электроника,Клавиатура,Казань,10,4292.24,42922.4
374,2026-02-17,Канцтовары,Бумага,Санкт-Петербург,7,3372.74,23609.18
375,2026-04-09,Бытовые товары,Полотенце,Санкт-Петербург,4,113.6,454.4
376,2026-05-27,Бытовые товары,Полотенце,Москва,6,1565.57,9393.42
377,2026-06-20,Канцтовары,Тетради,Москва,12,1242.61,14911.32
378,2026-05-09,Бытовые товары,Полотенце,Владивосток,3,2074.65,6223.95
379,2026-02-26,Продукты,Фрукты,Санкт-Петербург,5,1888.32,9441.6
380,2026-06-05,Электроника,Флешка,Владивосток,3,2318.5,6955.5
381,2026-02-25,Бытовые товары,Средство для уборки,Санкт-Петербург,9,4025.82,36232.38
382,2026-04-03,Продукты,Чай,Москва,8,2678.61,21428.88
383,2026-02-21,Продукты,Хлеб,Новосибирск,9,4522.21,40699.89
384,2026-04-24,Электроника,Клавиатура,Москва,6,4284.07,25704.42
385,2026-05-11,Электроника,Веб-камера,Казань,8,527.43,4219.44
386,2026-04-27,Продукты,Кофе,Новосибирск,3,2605.18,7815.54
387,2026-03-20,Продукты,Чай,Москва,8,3390.02,27120.16
388,2026-05-29,Бытовые товары,Полотенце,Москва,1,3749.36,3749.36
389,2026-05-19,Продукты,Кофе,Москва,6,3525.89,21155.34
390,2026-02-16,Продукты,Кофе,Санкт-Петербург,1,1492.49,1492.49
391,2026-04-07,Бытовые товары,Полотенце,Казань,7,2286.8,16007.6
392,2026-02-04,Продукты,Фрукты,Владивосток,11,4382.8,48210.8
393,2026-02-02,Продукты,Молоко,Санкт-Петербург,9,2013.85,18124.65
394,2026-05-20,Продукты,Хлеб,Казань,5,2357.98,11789.9
395,2026-02-09,Бытовые товары,Контейнер,Владивосток,4,2346.28,9385.12
396,2026-04-18,Электроника,Мышь,Новосибирск,1,4062.63,4062.63
397,2026-06-02,Продукты,Молоко,Москва,4,411.07,1644.28
398,2026-04-13,Бытовые товары,Лампа,Казань,4,3723.46,14893.84
399,2026-01-15,Электроника,Веб-камера,Санкт-Петербург,4,3791.58,15166.32
400,2026-05-28,Канцтовары,Ручки,Новосибирск,12,2914.46,34973.52
401,2026-06-19,Канцтовары,Ручки,Новосибирск,5,4391.19,21955.95
402,2026-05-23,Электроника,Флешка,Новосибирск,5,1433.76,7168.8
403,2026-03-30,Электроника,Флешка,Казань,9,2518.45,22666.05
404,2026-04-07,Канцтовары,Папки,Санкт-Петербург,7,814.15,5699.05
405,2026-02-06,Бытовые товары,Контейнер,Казань,4,1559.62,6238.48
406,2026-05-23,Продукты,Чай,Новосибирск,7,4841.51,33890.57
407,2026-03-26,Электроника,Флешка,Москва,4,1334.58,5338.32
408,2026-02-18,Бытовые товары,Полотенце,Москва,2,2715.33,5430.66
409,2026-01-11,Канцтовары,Папки,Москва,11,3056.45,33620.95
410,2026-02-25,Электроника,Веб-камера,Казань,12,3383.54,40602.48
411,2026-01-04,Электроника,Наушники,Санкт-Петербург,5,4788.54,23942.7
412,2026-05-03,Электроника,Мышь,Санкт-Петербург,12,4997.89,59974.68
413,2026-03-14,Электроника,Флешка,Казань,4,2796.23,11184.92
414,2026-05-12,Бытовые товары,Полотенце,Казань,5,1366.88,6834.4
415,2026-03-23,Бытовые товары,Лампа,Санкт-Петербург,12,2389.89,28678.68
416,2026-02-26,Канцтовары,Тетради,Санкт-Петербург,7,304.92,2134.44
417,2026-05-29,Продукты,Сыр,Казань,9,4679.01,42111.09
418,2026-04-08,Канцтовары,Ручки,Новосибирск,4,1702.94,6811.76
419,2026-06-25,Электроника,Флешка,Владивосток,9,3300.67,29706.03
420,2026-05-06,Канцтовары,Папки,Казань,12,3237.14,38845.68
421,2026-05-20,Электроника,Наушники,Казань,3,768.6,2305.8
422,2026-05-15,Электроника,Веб-камера,Москва,11,4789.61,52685.71
423,2026-04-16,Продукты,Фрукты,Санкт-Петербург,1,3840.55,3840.55
424,2026-02-25,Электроника,Мышь,Новосибирск,12,823.07,9876.84
425,2026-06-20,Бытовые товары,Полотенце,Новосибирск,1,3119.75,3119.75
426,2026-05-22,Бытовые товары,Средство для уборки,Казань,1,112.53,112.53
427,2026-05-18,Продукты,Хлеб,Владивосток,9,3633.19,32698.71
428,2026-02-15,Продукты,Чай,Москва,12,3396.24,40754.88
429,2026-06-08,Продукты,Чай,Новосибирск,3,1265.57,3796.71
430,2026-01-21,Канцтовары,Тетради,Владивосток,5,3991.09,19955.45
431,2026-06-28,Бытовые товары,Средство для уборки,Санкт-Петербург,10,1276.58,12765.8
432,2026-06-16,Канцтовары,Бумага,Москва,11,4959.04,54549.44
433,2026-05-02,Продукты,Кофе,Москва,7,1935.67,13549.69
434,2026-04-22,Продукты,Фрукты,Владивосток,3,486.82,1460.46
435,2026-06-27,Продукты,Чай,Новосибирск,1,1210.45,1210.45
436,2026-06-25,Бытовые товары,Полотенце,Владивосток,1,4626.86,4626.86
437,2026-02-23,Продукты,Молоко,Новосибирск,6,157.04,942.24
438,2026-05-25,Электроника,Флешка,Санкт-Петербург,2,1552.44,3104.88
439,2026-02-05,Бытовые товары,Полотенце,Москва,7,3797.6,26583.2
440,2026-01-20,Канцтовары,Бумага,Владивосток,2,2230.47,4460.94
441,2026-04-26,Бытовые товары,Полотенце,Казань,1,3199.88,3199.88
442,2026-04-21,Электроника,Наушники,Санкт-Петербург,9,4710.42,42393.78
443,2026-03-05,Бытовые товары,Лампа,Москва,10,1533.27,15332.7
444,2026-06-12,Продукты,Сыр,Санкт-Петербург,3,1949.6,5848.8
445,2026-01-02,Бытовые товары,Полотенце,Владивосток,6,604.23,3625.38
446,2026-01-23,Бытовые товары,Полотенце,Санкт-Петербург,5,582.98,2914.9
447,2026-04-15,Бытовые товары,Средство для уборки,Москва,9,2809.32,25283.88
448,2026-06-02,Продукты,Хлеб,Новосибирск,6,2806.76,16840.56
449,2026-04-10,Канцтовары,Папки,Москва,1,1515.89,1515.89
450,2026-04-08,Электроника,Веб-камера,Санкт-Петербург,9,914.35,8229.15
451,2026-02-07,Электроника,Наушники,Москва,5,1400.56,7002.8
452,2026-05-04,Электроника,Флешка,Москва,5,2151.82,10759.1
453,2026-05-07,Канцтовары,Тетради,Новосибирск,4,3626.83,14507.32
454,2026-01-02,Электроника,Флешка,Казань,2,746.61,1493.22
455,2026-03-26,Канцтовары,Маркеры,Казань,7,4036.06,28252.42
456,2026-02-04,Канцтовары,Папки,Владивосток,11,4873.19,53605.09
457,2026-03-22,Канцтовары,Маркеры,Санкт-Петербург,12,1068.19,12818.28
458,2026-06-12,Бытовые товары,Полотенце,Казань,5,3695.58,18477.9
459,2026-04-11,Электроника,Наушники,Владивосток,7,1459.08,10213.56
460,2026-05-20,Продукты,Чай,Санкт-Петербург,4,2993.76,11975.04
461,2026-02-23,Продукты,Фрукты,Казань,8,4719.44,37755.52
462,2026-02-05,Канцтовары,Бумага,Владивосток,7,3391.05,23737.35
463,2026-04-19,Электроника,Наушники,Казань,11,838.38,9222.18
464,2026-04-13,Продукты,Кофе,Новосибирск,10,2437.83,24378.3
465,2026-05-18,Бытовые товары,Лампа,Новосибирск,6,3532.04,21192.24
466,2026-04-01,Продукты,Хлеб,Санкт-Петербург,4,3315.4,13261.6
467,2026-04-13,Продукты,Чай,Владивосток,11,3413.16,37544.76
468,2026-02-26,Бытовые товары,Лампа,Новосибирск,1,565.14,565.14
469,2026-06-23,Электроника,Флешка,Новосибирск,6,2004.38,12026.28
470,2026-03-17,Электроника,Наушники,Казань,1,2455.23,2455.23
471,2026-03-21,Продукты,Хлеб,Владивосток,12,777.04,9324.48
472,2026-05-02,Бытовые товары,Контейнер,Москва,9,2456.0,22104.0
473,2026-01-12,Бытовые товары,Средство для уборки,Москва,6,410.5,2463.0
474,2026-02-12,Продукты,Сыр,Санкт-Петербург,11,618.06,6798.66
475,2026-04-20,Электроника,Веб-камера,Казань,3,1708.47,5125.41
476,2026-06-13,Электроника,Флешка,Казань,11,987.5,10862.5
477,2026-02-20,Бытовые товары,Лампа,Казань,12,3101.41,37216.92
478,2026-02-22,Бытовые товары,Средство для уборки,Владивосток,1,3547.3,3547.3
479,2026-05-18,Продукты,Чай,Санкт-Петербург,2,4013.55,8027.1
480,2026-03-09,Канцтовары,Тетради,Казань,4,2331.15,9324.6
481,2026-05-31,Канцтовары,Маркеры,Москва,7,3087.64,21613.48
482,2026-06-22,Канцтовары,Тетради,Владивосток,8,3117.42,24939.36
483,2026-03-03,Продукты,Фрукты,Владивосток,3,1620.87,4862.61
484,2026-05-11,Продукты,Молоко,Казань,6,3491.71,20950.26
485,2026-02-17,Бытовые товары,Контейнер,Казань,10,1967.85,19678.5
486,2026-02-05,Электроника,Веб-камера,Санкт-Петербург,3,2489.04,7467.12
487,2026-04-02,Канцтовары,Папки,Москва,10,343.77,3437.7
488,2026-05-24,Бытовые товары,Контейнер,Новосибирск,4,4090.86,16363.44
489,2026-04-24,Бытовые товары,Средство для уборки,Казань,11,2499.29,27492.19
490,2026-02-26,Электроника,Мышь,Владивосток,10,231.83,2318.3
491,2026-02-13,Продукты,Сыр,Казань,4,2725.03,10900.12
492,2026-05-20,Бытовые товары,Лампа,Владивосток,10,641.9,6419.0
493,2026-04-19,Продукты,Фрукты,Москва,8,2768.06,22144.48
494,2026-03-31,Электроника,Наушники,Москва,1,2292.68,2292.68
495,2026-05-31,Бытовые товары,Лампа,Владивосток,4,1112.6,4450.4
496,2026-02-22,Бытовые товары,Контейнер,Санкт-Петербург,10,765.04,7650.4
497,2026-06-02,Продукты,Чай,Новосибирск,6,2698.82,16192.92
498,2026-05-27,Электроника,Наушники,Владивосток,12,1519.76,18237.12
499,2026-03-12,Продукты,Молоко,Санкт-Петербург,7,4600.34,32202.38
500,2026-03-05,Электроника,Клавиатура,Казань,3,3580.06,10740.18
501,2026-06-10,Бытовые товары,Контейнер,Казань,10,3191.42,31914.2
502,2026-01-24,Бытовые товары,Средство для уборки,Казань,2,3197.45,6394.9
503,2026-03-25,Канцтовары,Тетради,Новосибирск,8,4755.25,38042.0
504,2026-04-28,Продукты,Фрукты,Владивосток,2,3676.19,7352.38
505,2026-04-20,Продукты,Чай,Санкт-Петербург,7,1151.72,8062.04
506,2026-03-28,Бытовые товары,Полотенце,Новосибирск,6,4155.45,24932.7
507,2026-06-24,Электроника,Веб-камера,Москва,8,3958.45,31667.6
508,2026-04-28,Продукты,Хлеб,Москва,11,3936.74,43304.14
509,2026-04-20,Продукты,Молоко,Санкт-Петербург,8,2326.07,18608.56
510,2026-03-12,Электроника,Наушники,Москва,3,4382.16,13146.48
511,2026-06-16,Канцтовары,Тетради,Санкт-Петербург,2,1909.47,3818.94
512,2026-06-29,Продукты,Кофе,Санкт-Петербург,11,1583.11,17414.21
513,2026-02-24,Бытовые товары,Лампа,Казань,12,548.3,6579.6
514,2026-06-24,Продукты,Молоко,Казань,10,1192.86,11928.6
515,2026-01-31,Продукты,Хлеб,Казань,12,1770.38,21244.56
516,2026-01-23,Электроника,Флешка,Москва,2,1206.42,2412.84
517,2026-02-05,Продукты,Сыр,Казань,6,4414.47,26486.82
518,2026-01-03,Электроника,Клавиатура,Новосибирск,2,2690.1,5380.2
519,2026-06-10,Электроника,Флешка,Санкт-Петербург,6,3634.37,21806.22
520,2026-01-26,Бытовые товары,Средство для уборки,Санкт-Петербург,4,506.51,2026.04
521,2026-04-20,Продукты,Чай,Владивосток,12,1969.44,23633.28
522,2026-03-05,Электроника,Клавиатура,Новосибирск,5,3251.53,16257.65
523,2026-02-22,Канцтовары,Бумага,Новосибирск,11,4389.07,48279.77
524,2026-03-03,Электроника,Флешка,Казань,5,3259.16,16295.8
525,2026-06-02,Бытовые товары,Лампа,Москва,4,2537.95,10151.8
526,2026-05-26,Продукты,Сыр,Казань,6,729.36,4376.16
527,2026-05-01,Канцтовары,Маркеры,Москва,11,930.03,10230.33
528,2026-02-25,Продукты,Чай,Москва,2,147.86,295.72
529,2026-05-09,Продукты,Кофе,Казань,9,1489.52,13405.68
530,2026-05-18,Бытовые товары,Средство для уборки,Новосибирск,2,3231.44,6462.88
531,2026-05-11,Электроника,Наушники,Санкт-Петербург,2,1604.74,3209.48
532,2026-06-12,Электроника,Веб-камера,Москва,6,2002.4,12014.4
533,2026-03-03,Канцтовары,Папки,Москва,12,4770.87,57250.44
534,2026-06-06,Электроника,Мышь,Новосибирск,7,650.65,4554.55
535,2026-02-14,Продукты,Сыр,Москва,11,3729.13,41020.43
536,2026-02-11,Продукты,Фрукты,Казань,3,3531.38,10594.14
537,2026-03-08,Канцтовары,Маркеры,Санкт-Петербург,9,3932.3,35390.7
538,2026-03-10,Канцтовары,Ручки,Москва,12,3923.13,47077.56
539,2026-01-17,Продукты,Сыр,Владивосток,7,1418.14,9926.98
540,2026-01-15,Продукты,Кофе,Казань,8,2593.05,20744.4
541,2026-01-27,Электроника,Наушники,Новосибирск,3,1335.17,4005.51
542,2026-01-12,Продукты,Молоко,Москва,12,2583.42,31001.04
543,2026-02-08,Электроника,Мышь,Санкт-Петербург,8,1870.76,14966.08
544,2026-04-18,Продукты,Чай,Санкт-Петербург,12,3724.08,44688.96
545,2026-03-23,Канцтовары,Ручки,Владивосток,7,4586.01,32102.07
546,2026-06-22,Продукты,Чай,Москва,6,667.45,4004.7
547,2026-04-13,Электроника,Клавиатура,Москва,9,4908.56,44177.04
548,2026-05-22,Бытовые товары,Полотенце,Казань,5,1690.32,8451.6
549,2026-03-19,Продукты,Сыр,Новосибирск,4,1514.65,6058.6
550,2026-05-07,Электроника,Флешка,Санкт-Петербург,6,2991.12,17946.72
551,2026-01-07,Электроника,Клавиатура,Санкт-Петербург,1,4667.4,4667.4
552,2026-06-18,Канцтовары,Бумага,Казань,6,87.19,523.14
553,2026-03-02,Канцтовары,Бумага,Казань,4,2686.69,10746.76
554,2026-01-24,Бытовые товары,Лампа,Москва,3,3581.33,10743.99
555,2026-04-06,Электроника,Веб-камера,Казань,7,3528.17,24697.19
556,2026-06-13,Продукты,Чай,Казань,2,2566.7,5133.4
557,2026-06-19,Продукты,Чай,Санкт-Петербург,10,386.43,3864.3
558,2026-04-11,Электроника,Наушники,Владивосток,5,4266.5,21332.5
559,2026-02-21,Канцтовары,Папки,Санкт-Петербург,5,1229.37,6146.85
560,2026-04-30,Продукты,Молоко,Владивосток,2,888.72,1777.44
561,2026-02-23,Бытовые товары,Лампа,Казань,9,1842.77,16584.93
562,2026-01-24,Канцтовары,Папки,Санкт-Петербург,5,4274.21,21371.05
563,2026-03-25,Канцтовары,Маркеры,Санкт-Петербург,1,1137.9,1137.9
564,2026-04-12,Продукты,Фрукты,Новосибирск,4,4844.53,19378.12
565,2026-02-14,Продукты,Фрукты,Москва,5,1360.02,6800.1
566,2026-03-05,Бытовые товары,Средство для уборки,Москва,9,3760.55,33844.95
567,2026-01-16,Бытовые товары,Лампа,Санкт-Петербург,3,677.55,2032.65
568,2026-06-11,Электроника,Клавиатура,Москва,7,1911.42,13379.94
569,2026-02-20,Канцтовары,Бумага,Казань,1,4986.03,4986.03
570,2026-04-29,Электроника,Мышь,Москва,6,682.84,4097.04
571,2026-04-12,Электроника,Веб-камера,Казань,7,4122.69,28858.83
572,2026-04-01,Продукты,Кофе,Санкт-Петербург,11,2179.19,23971.09
573,2026-02-08,Электроника,Наушники,Москва,5,2274.38,11371.9
574,2026-05-21,Электроника,Наушники,Казань,8,2107.0,16856.0
575,2026-04-18,Продукты,Хлеб,Санкт-Петербург,5,1964.44,9822.2
576,2026-04-02,Электроника,Веб-камера,Казань,1,4947.87,4947.87
577,2026-04-10,Бытовые товары,Полотенце,Владивосток,10,2551.77,25517.7
578,2026-01-08,Электроника,Мышь,Владивосток,6,3017.81,18106.86
579,2026-05-30,Продукты,Кофе,Санкт-Петербург,9,1838.57,16547.13
580,2026-03-10,Электроника,Мышь,Новосибирск,4,3311.77,13247.08
581,2026-04-10,Продукты,Молоко,Владивосток,10,4244.81,42448.1
582,2026-06-28,Электроника,Клавиатура,Владивосток,4,2995.2,11980.8
583,2026-05-26,Продукты,Фрукты,Новосибирск,12,1810.28,21723.36
584,2026-05-07,Электроника,Веб-камера,Новосибирск,4,4196.55,16786.2
585,2026-01-15,Канцтовары,Ручки,Санкт-Петербург,8,266.78,2134.24
586,2026-03-26,Электроника,Мышь,Новосибирск,9,2431.71,21885.39
587,2026-03-24,Электроника,Клавиатура,Москва,6,3607.33,21643.98
588,2026-02-06,Продукты,Молоко,Москва,10,3547.11,35471.1
589,2026-06-19,Канцтовары,Бумага,Казань,6,3546.33,21277.98
590,2026-02-10,Продукты,Сыр,Казань,5,1667.21,8336.05
591,2026-05-24,Бытовые товары,Полотенце,Новосибирск,3,3559.34,10678.02
592,2026-02-14,Канцтовары,Ручки,Казань,11,2977.63,32753.93
593,2026-01-01,Канцтовары,Тетради,Новосибирск,3,954.32,2862.96
594,2026-06-06,Бытовые товары,Лампа,Санкт-Петербург,3,3043.75,9131.25
595,2026-01-20,Продукты,Кофе,Санкт-Петербург,3,1709.35,5128.05
596,2026-01-23,Канцтовары,Тетради,Владивосток,3,3210.04,9630.12
597,2026-06-27,Бытовые товары,Лампа,Москва,5,1111.65,5558.25
598,2026-01-13,Канцтовары,Тетради,Казань,2,3624.43,7248.86
599,2026-05-07,Бытовые товары,Средство для уборки,Казань,3,4432.0,13296.0
600,2026-05-03,Канцтовары,Маркеры,Новосибирск,7,579.03,4053.21
601,2026-01-09,Электроника,Клавиатура,Владивосток,8,442.65,3541.2
602,2026-01-19,Продукты,Сыр,Владивосток,5,4762.18,23810.9
603,2026-05-21,Электроника,Флешка,Москва,3,3681.37,11044.11
604,2026-06-30,Канцтовары,Маркеры,Москва,10,4474.67,44746.7
605,2026-02-10,Бытовые товары,Контейнер,Москва,10,4457.59,44575.9
606,2026-04-15,Продукты,Сыр,Новосибирск,4,4874.04,19496.16
607,2026-01-13,Канцтовары,Тетради,Казань,5,1248.74,6243.7
608,2026-04-20,Бытовые товары,Контейнер,Москва,1,1855.28,1855.28
609,2026-01-07,Канцтовары,Маркеры,Санкт-Петербург,8,1062.4,8499.2
610,2026-01-30,Электроника,Наушники,Владивосток,2,2409.97,4819.94
611,2026-03-09,Бытовые товары,Средство для уборки,Москва,8,4482.8,35862.4
612,2026-04-05,Бытовые товары,Контейнер,Санкт-Петербург,6,4436.62,26619.72
613,2026-03-09,Бытовые товары,Лампа,Санкт-Петербург,5,2243.52,11217.6
614,2026-06-28,Канцтовары,Маркеры,Москва,1,823.56,823.56
615,2026-04-16,Продукты,Фрукты,Новосибирск,6,4056.25,24337.5
616,2026-05-14,Электроника,Веб-камера,Казань,1,4216.72,4216.72
617,2026-04-12,Бытовые товары,Контейнер,Москва,8,1550.35,12402.8
618,2026-02-12,Электроника,Мышь,Санкт-Петербург,8,930.56,7444.48
619,2026-06-24,Электроника,Клавиатура,Казань,1,2163.0,2163.0
620,2026-01-18,Электроника,Клавиатура,Москва,10,1348.8,13488.0
621,2026-03-12,Бытовые товары,Средство для уборки,Новосибирск,9,1684.54,15160.86
622,2026-05-14,Бытовые товары,Лампа,Казань,12,3145.45,37745.4
623,2026-05-31,Продукты,Кофе,Новосибирск,3,809.14,2427.42
624,2026-03-15,Продукты,Хлеб,Новосибирск,10,3915.36,39153.6
625,2026-05-05,Канцтовары,Папки,Новосибирск,5,1964.57,9822.85
626,2026-02-06,Бытовые товары,Лампа,Новосибирск,3,1435.04,4305.12
627,2026-03-26,Бытовые товары,Лампа,Санкт-Петербург,7,4456.71,31196.97
628,2026-04-06,Продукты,Фрукты,Москва,8,4610.51,36884.08
629,2026-05-06,Канцтовары,Тетради,Москва,5,1459.31,7296.55
630,2026-04-24,Электроника,Клавиатура,Владивосток,5,4873.16,24365.8
631,2026-02-18,Канцтовары,Папки,Казань,10,3256.13,32561.3
632,2026-05-13,Электроника,Флешка,Владивосток,12,2463.54,29562.48
633,2026-05-10,Продукты,Чай,Казань,3,402.84,1208.52
634,2026-02-19,Электроника,Веб-камера,Санкт-Петербург,10,222.42,2224.2
635,2026-04-03,Продукты,Молоко,Санкт-Петербург,1,2325.73,2325.73
636,2026-06-12,Канцтовары,Тетради,Москва,8,2565.22,20521.76
637,2026-04-25,Продукты,Молоко,Санкт-Петербург,6,2484.83,14908.98
638,2026-03-08,Бытовые товары,Полотенце,Москва,6,884.49,5306.94
639,2026-05-27,Канцтовары,Бумага,Санкт-Петербург,7,324.28,2269.96
640,2026-06-16,Электроника,Клавиатура,Казань,11,1097.12,12068.32
641,2026-02-03,Продукты,Фрукты,Санкт-Петербург,1,2412.56,2412.56
642,2026-03-20,Продукты,Молоко,Владивосток,5,3073.05,15365.25
643,2026-02-25,Бытовые товары,Средство для уборки,Казань,6,2338.27,14029.62
644,2026-01-27,Канцтовары,Маркеры,Москва,10,2033.99,20339.9
645,2026-03-14,Канцтовары,Маркеры,Владивосток,11,3001.36,33014.96
646,2026-03-12,Продукты,Кофе,Владивосток,2,1734.52,3469.04
647,2026-06-16,Канцтовары,Тетради,Владивосток,11,3578.58,39364.38
648,2026-01-15,Электроника,Клавиатура,Новосибирск,9,3846.13,34615.17
649,2026-01-07,Бытовые товары,Полотенце,Казань,11,768.45,8452.95
650,2026-01-10,Канцтовары,Тетради,Новосибирск,7,2070.63,14494.41
651,2026-06-25,Электроника,Наушники,Новосибирск,12,3589.78,43077.36
652,2026-02-13,Бытовые товары,Полотенце,Новосибирск,9,1556.96,14012.64
653,2026-03-08,Электроника,Наушники,Новосибирск,2,2396.24,4792.48
654,2026-04-01,Электроника,Наушники,Санкт-Петербург,11,519.36,5712.96
655,2026-05-30,Канцтовары,Папки,Владивосток,6,1908.68,11452.08
656,2026-06-12,Бытовые товары,Лампа,Новосибирск,8,344.09,2752.72
657,2026-06-24,Продукты,Кофе,Казань,4,2542.35,10169.4
658,2026-02-08,Канцтовары,Папки,Санкт-Петербург,1,4364.58,4364.58
659,2026-04-28,Электроника,Наушники,Санкт-Петербург,7,4936.98,34558.86
660,2026-06-11,Канцтовары,Ручки,Санкт-Петербург,2,2478.9,4957.8
661,2026-02-23,Канцтовары,Бумага,Санкт-Петербург,1,2304.1,2304.1
662,2026-04-22,Электроника,Флешка,Казань,2,716.68,1433.36
663,2026-01-10,Бытовые товары,Средство для уборки,Новосибирск,8,1965.92,15727.36
664,2026-05-16,Электроника,Наушники,Санкт-Петербург,1,4468.67,4468.67
665,2026-03-05,Продукты,Фрукты,Санкт-Петербург,1,3163.3,3163.3
666,2026-05-09,Канцтовары,Тетради,Новосибирск,3,585.32,1755.96
667,2026-03-18,Канцтовары,Ручки,Владивосток,2,4133.31,8266.62
668,2026-02-04,Бытовые товары,Полотенце,Владивосток,7,4448.83,31141.81
669,2026-04-14,Бытовые товары,Полотенце,Москва,4,891.23,3564.92
670,2026-02-24,Электроника,Клавиатура,Москва,12,4925.61,59107.32
671,2026-01-10,Электроника,Мышь,Казань,6,3578.66,21471.96
672,2026-01-13,Канцтовары,Маркеры,Москва,10,319.05,3190.5
673,2026-04-24,Продукты,Хлеб,Казань,12,649.69,7796.28
674,2026-02-09,Продукты,Чай,Санкт-Петербург,5,2414.03,12070.15
675,2026-06-19,Продукты,Сыр,Новосибирск,7,3335.39,23347.73
676,2026-04-18,Канцтовары,Маркеры,Москва,10,3527.57,35275.7
677,2026-05-08,Продукты,Сыр,Санкт-Петербург,2,3941.02,7882.04
678,2026-04-02,Электроника,Наушники,Казань,9,4867.75,43809.75
679,2026-02-23,Канцтовары,Ручки,Казань,1,2776.84,2776.84
680,2026-01-23,Канцтовары,Ручки,Москва,1,142.73,142.73
681,2026-01-20,Бытовые товары,Контейнер,Москва,2,3915.27,7830.54
682,2026-03-17,Канцтовары,Ручки,Владивосток,8,4944.24,39553.92
683,2026-01-11,Бытовые товары,Лампа,Владивосток,2,4080.84,8161.68
684,2026-01-25,Канцтовары,Тетради,Москва,7,3713.62,25995.34
685,2026-03-26,Продукты,Молоко,Владивосток,11,3264.22,35906.42
686,2026-03-29,Бытовые товары,Полотенце,Санкт-Петербург,12,537.32,6447.84
687,2026-03-11,Продукты,Кофе,Казань,7,4814.56,33701.92
688,2026-02-12,Бытовые товары,Средство для уборки,Москва,11,4439.73,48837.03
689,2026-06-01,Электроника,Мышь,Казань,3,590.27,1770.81
690,2026-04-02,Бытовые товары,Контейнер,Новосибирск,10,1948.37,19483.7
691,2026-02-03,Продукты,Фрукты,Казань,12,4869.35,58432.2
692,2026-01-17,Бытовые товары,Лампа,Владивосток,7,2248.18,15737.26
693,2026-05-15,Канцтовары,Бумага,Новосибирск,12,4352.19,52226.28
694,2026-06-29,Электроника,Наушники,Новосибирск,9,2653.67,23883.03
695,2026-05-04,Продукты,Кофе,Владивосток,11,3655.13,40206.43
696,2026-06-06,Бытовые товары,Контейнер,Москва,9,4468.94,40220.46
697,2026-05-01,Продукты,Фрукты,Казань,3,2567.39,7702.17
698,2026-03-26,Электроника,Мышь,Владивосток,8,1657.52,13260.16
699,2026-04-07,Продукты,Чай,Казань,4,2788.44,11153.76
700,2026-05-27,Электроника,Мышь,Казань,8,2265.41,18123.28
701,2026-05-08,Продукты,Кофе,Москва,8,1635.02,13080.16
702,2026-05-21,Продукты,Кофе,Москва,7,256.29,1794.03
703,2026-05-11,Продукты,Чай,Новосибирск,10,3216.69,32166.9
704,2026-01-14,Электроника,Флешка,Санкт-Петербург,6,1867.64,11205.84
705,2026-06-03,Бытовые товары,Полотенце,Казань,9,3855.69,34701.21
706,2026-06-18,Канцтовары,Папки,Санкт-Петербург,2,559.39,1118.78
707,2026-03-16,Продукты,Сыр,Новосибирск,6,4163.03,24978.18
708,2026-05-07,Канцтовары,Бумага,Санкт-Петербург,1,4492.64,4492.64
709,2026-02-18,Бытовые товары,Лампа,Москва,5,3085.39,15426.95
710,2026-02-18,Бытовые товары,Контейнер,Владивосток,8,4136.81,33094.48
711,2026-06-22,Продукты,Кофе,Новосибирск,1,4639.0,4639.0
712,2026-05-10,Продукты,Кофе,Санкт-Петербург,8,3319.61,26556.88
713,2026-05-22,Бытовые товары,Лампа,Казань,9,3702.17,33319.53
714,2026-02-02,Бытовые товары,Контейнер,Москва,12,2926.49,35117.88
715,2026-04-18,Бытовые товары,Полотенце,Новосибирск,9,4416.44,39747.96
716,2026-03-17,Электроника,Наушники,Казань,7,4820.88,33746.16
717,2026-05-12,Электроника,Клавиатура,Владивосток,7,3044.42,21310.94
718,2026-02-23,Канцтовары,Маркеры,Новосибирск,11,1149.33,12642.63
719,2026-06-16,Канцтовары,Тетради,Санкт-Петербург,11,732.74,8060.14
720,2026-05-30,Канцтовары,Бумага,Новосибирск,6,2846.42,17078.52
721,2026-05-14,Бытовые товары,Полотенце,Москва,7,4056.86,28398.02
722,2026-01-15,Продукты,Кофе,Санкт-Петербург,3,341.08,1023.24
723,2026-02-07,Канцтовары,Ручки,Москва,5,3442.28,17211.4
724,2026-04-26,Канцтовары,Ручки,Москва,9,238.95,2150.55
725,2026-06-28,Электроника,Веб-камера,Владивосток,7,1248.97,8742.79
726,2026-06-25,Продукты,Кофе,Владивосток,7,2129.51,14906.57
727,2026-06-08,Продукты,Хлеб,Казань,12,1316.6,15799.2
728,2026-06-04,Электроника,Наушники,Санкт-Петербург,10,2769.35,27693.5
729,2026-06-24,Электроника,Наушники,Москва,8,952.94,7623.52
730,2026-04-07,Электроника,Клавиатура,Москва,12,2608.13,31297.56
731,2026-02-11,Бытовые товары,Полотенце,Новосибирск,9,1380.06,12420.54
732,2026-02-09,Канцтовары,Бумага,Москва,6,2374.35,14246.1
733,2026-06-10,Электроника,Наушники,Новосибирск,10,330.21,3302.1
734,2026-01-19,Канцтовары,Папки,Владивосток,10,2786.79,27867.9
735,2026-05-10,Электроника,Клавиатура,Санкт-Петербург,9,415.43,3738.87
736,2026-02-24,Бытовые товары,Средство для уборки,Владивосток,2,1799.06,3598.12
737,2026-06-08,Канцтовары,Тетради,Новосибирск,5,1154.75,5773.75
738,2026-04-25,Бытовые товары,Лампа,Санкт-Петербург,2,3371.18,6742.36
739,2026-04-08,Электроника,Мышь,Москва,11,4437.45,48811.95
740,2026-01-07,Бытовые товары,Полотенце,Новосибирск,9,3641.96,32777.64
741,2026-01-12,Канцтовары,Маркеры,Владивосток,9,2272.14,20449.26
742,2026-01-25,Электроника,Наушники,Санкт-Петербург,9,485.14,4366.26
743,2026-06-11,Продукты,Фрукты,Санкт-Петербург,2,1117.04,2234.08
744,2026-06-29,Бытовые товары,Лампа,Казань,4,2725.75,10903.0
745,2026-04-28,Продукты,Фрукты,Владивосток,11,836.47,9201.17
746,2026-03-06,Продукты,Хлеб,Новосибирск,2,347.0,694.0
747,2026-04-15,Продукты,Чай,Казань,4,4562.05,18248.2
748,2026-04-10,Бытовые товары,Средство для уборки,Москва,7,1636.71,11456.97
749,2026-05-30,Продукты,Фрукты,Москва,12,3122.28,37467.36
750,2026-06-25,Продукты,Сыр,Владивосток,9,602.19,5419.71
751,2026-06-19,Продукты,Сыр,Москва,8,1956.55,15652.4
752,2026-04-11,Бытовые товары,Контейнер,Новосибирск,9,1161.74,10455.66
753,2026-06-15,Канцтовары,Ручки,Владивосток,5,3412.26,17061.3
754,2026-01-11,Продукты,Чай,Москва,9,775.56,6980.04
755,2026-03-30,Бытовые товары,Лампа,Санкт-Петербург,5,1113.46,5567.3
756,2026-06-07,Бытовые товары,Контейнер,Владивосток,3,985.24,2955.72
757,2026-05-26,Электроника,Мышь,Москва,3,3381.21,10143.63
758,2026-03-06,Бытовые товары,Лампа,Москва,5,3384.69,16923.45
759,2026-04-02,Электроника,Веб-камера,Санкт-Петербург,8,4761.58,38092.64
760,2026-02-19,Электроника,Мышь,Владивосток,5,3128.02,15640.1
761,2026-03-20,Бытовые товары,Средство для уборки,Новосибирск,6,3112.4,18674.4
762,2026-03-22,Электроника,Веб-камера,Казань,10,1873.31,18733.1
763,2026-02-26,Электроника,Мышь,Казань,6,1291.18,7747.08
764,2026-03-26,Канцтовары,Тетради,Казань,3,3423.53,10270.59
765,2026-05-05,Бытовые товары,Средство для уборки,Новосибирск,6,3891.85,23351.1
766,2026-03-13,Продукты,Молоко,Санкт-Петербург,11,3064.61,33710.71
767,2026-01-20,Электроника,Наушники,Москва,12,4440.77,53289.24
768,2026-05-29,Продукты,Чай,Новосибирск,11,233.48,2568.28
769,2026-05-20,Бытовые товары,Контейнер,Новосибирск,1,2793.84,2793.84
770,2026-05-31,Бытовые товары,Контейнер,Владивосток,6,2011.09,12066.54
771,2026-04-12,Электроника,Флешка,Владивосток,9,2591.23,23321.07
772,2026-06-07,Продукты,Фрукты,Санкт-Петербург,4,4252.07,17008.28
773,2026-05-25,Электроника,Флешка,Санкт-Петербург,3,961.39,2884.17
774,2026-05-05,Бытовые товары,Полотенце,Санкт-Петербург,1,1156.59,1156.59
775,2026-06-21,Продукты,Сыр,Санкт-Петербург,6,1231.37,7388.22
776,2026-01-12,Канцтовары,Папки,Москва,8,4596.08,36768.64
777,2026-06-12,Канцтовары,Бумага,Владивосток,12,4844.73,58136.76
778,2026-04-07,Канцтовары,Маркеры,Казань,9,2885.19,25966.71
779,2026-01-20,Канцтовары,Маркеры,Новосибирск,11,4499.27,49491.97
780,2026-04-01,Канцтовары,Папки,Владивосток,4,2620.55,10482.2
781,2026-02-05,Бытовые товары,Средство для уборки,Казань,10,112.46,1124.6
782,2026-03-13,Электроника,Клавиатура,Санкт-Петербург,2,2611.54,5223.08
783,2026-01-31,Электроника,Клавиатура,Санкт-Петербург,3,1862.14,5586.42
784,2026-06-22,Бытовые товары,Полотенце,Казань,12,637.63,7651.56
785,2026-04-16,Бытовые товары,Контейнер,Москва,10,873.33,8733.3
786,2026-02-11,Электроника,Мышь,Санкт-Петербург,3,2901.55,8704.65
787,2026-03-08,Продукты,Чай,Санкт-Петербург,3,355.09,1065.27
788,2026-03-14,Бытовые товары,Лампа,Москва,12,3661.63,43939.56
789,2026-05-04,Электроника,Флешка,Санкт-Петербург,10,4964.46,49644.6
790,2026-05-30,Электроника,Флешка,Санкт-Петербург,10,782.14,7821.4
791,2026-04-27,Канцтовары,Ручки,Новосибирск,12,3453.11,41437.32
792,2026-01-28,Продукты,Молоко,Москва,7,1976.47,13835.29
793,2026-02-08,Электроника,Веб-камера,Новосибирск,9,3447.09,31023.81
794,2026-06-03,Продукты,Молоко,Москва,8,4515.91,36127.28
795,2026-06-04,Продукты,Хлеб,Новосибирск,8,3324.21,26593.68
796,2026-04-18,Продукты,Фрукты,Владивосток,11,2202.96,24232.56
797,2026-05-04,Продукты,Фрукты,Казань,9,2190.46,19714.14
798,2026-06-28,Канцтовары,Маркеры,Новосибирск,12,4546.67,54560.04
799,2026-03-01,Продукты,Кофе,Москва,3,1332.23,3996.69
800,2026-02-18,Канцтовары,Маркеры,Москва,9,2090.54,18814.86
801,2026-01-02,Продукты,Чай,Казань,9,659.72,5937.48
802,2026-02-09,Электроника,Наушники,Казань,7,1862.37,13036.59
803,2026-04-04,Канцтовары,Тетради,Новосибирск,9,2163.92,19475.28
804,2026-05-23,Канцтовары,Папки,Казань,4,2113.08,8452.32
805,2026-03-06,Электроника,Наушники,Владивосток,9,2810.16,25291.44
806,2026-06-18,Канцтовары,Папки,Москва,12,759.3,9111.6
807,2026-01-26,Электроника,Флешка,Санкт-Петербург,12,4750.29,57003.48
808,2026-06-25,Бытовые товары,Полотенце,Москва,9,3101.0,27909.0
809,2026-01-24,Электроника,Флешка,Санкт-Петербург,11,106.03,1166.33
810,2026-02-26,Бытовые товары,Средство для уборки,Владивосток,2,395.28,790.56
811,2026-04-13,Продукты,Чай,Новосибирск,1,3644.51,3644.51
812,2026-02-14,Канцтовары,Маркеры,Казань,1,4732.92,4732.92
813,2026-05-13,Бытовые товары,Лампа,Владивосток,4,4264.79,17059.16
814,2026-06-28,Электроника,Мышь,Санкт-Петербург,10,2591.9,25919.0
815,2026-01-01,Электроника,Мышь,Санкт-Петербург,6,1257.14,7542.84
816,2026-04-12,Продукты,Сыр,Казань,7,1817.39,12721.73
817,2026-01-18,Электроника,Веб-камера,Москва,1,3705.67,3705.67
818,2026-03-12,Канцтовары,Маркеры,Санкт-Петербург,10,1792.63,17926.3
819,2026-03-08,Электроника,Флешка,Санкт-Петербург,7,2908.54,20359.78
820,2026-03-17,Бытовые товары,Лампа,Владивосток,9,436.14,3925.26
821,2026-05-28,Продукты,Чай,Владивосток,5,4390.48,21952.4
822,2026-03-04,Бытовые товары,Средство для уборки,Владивосток,10,2459.46,24594.6
823,2026-05-04,Бытовые товары,Средство для уборки,Москва,10,4321.15,43211.5
824,2026-02-26,Канцтовары,Бумага,Санкт-Петербург,7,3197.62,22383.34
825,2026-01-03,Канцтовары,Папки,Владивосток,6,2621.2,15727.2
826,2026-03-29,Электроника,Наушники,Москва,2,2042.74,4085.48
827,2026-05-27,Электроника,Флешка,Владивосток,6,1819.41,10916.46
828,2026-03-02,Электроника,Клавиатура,Санкт-Петербург,8,3706.59,29652.72
829,2026-03-05,Канцтовары,Ручки,Новосибирск,4,1077.61,4310.44
830,2026-01-21,Канцтовары,Ручки,Казань,2,669.8,1339.6
831,2026-04-06,Продукты,Чай,Новосибирск,1,4252.21,4252.21
832,2026-05-06,Канцтовары,Папки,Санкт-Петербург,10,4354.34,43543.4
833,2026-02-02,Канцтовары,Папки,Москва,4,3770.83,15083.32
834,2026-03-30,Бытовые товары,Средство для уборки,Казань,9,240.21,2161.89
835,2026-04-28,Электроника,Флешка,Владивосток,2,3515.36,7030.72
836,2026-05-29,Продукты,Хлеб,Москва,11,1116.9,12285.9
837,2026-02-17,Канцтовары,Тетради,Новосибирск,10,4320.26,43202.6
838,2026-06-06,Канцтовары,Ручки,Владивосток,5,2399.02,11995.1
839,2026-04-18,Канцтовары,Ручки,Владивосток,8,2165.8,17326.4
840,2026-05-27,Канцтовары,Папки,Санкт-Петербург,5,2297.59,11487.95
841,2026-03-02,Электроника,Мышь,Новосибирск,12,1408.15,16897.8
842,2026-02-08,Бытовые товары,Средство для уборки,Казань,4,797.55,3190.2
843,2026-06-11,Продукты,Молоко,Новосибирск,7,2538.02,17766.14
844,2026-05-26,Канцтовары,Папки,Москва,5,1314.79,6573.95
845,2026-02-25,Бытовые товары,Лампа,Владивосток,12,883.64,10603.68
846,2026-03-08,Бытовые товары,Лампа,Владивосток,8,3743.4,29947.2
847,2026-03-07,Канцтовары,Маркеры,Владивосток,9,4664.68,41982.12
848,2026-06-23,Продукты,Кофе,Новосибирск,2,1807.37,3614.74
849,2026-05-18,Электроника,Веб-камера,Санкт-Петербург,10,3277.34,32773.4
850,2026-05-05,Канцтовары,Тетради,Казань,6,3392.11,20352.66
851,2026-06-11,Продукты,Кофе,Санкт-Петербург,10,1489.7,14897.0
852,2026-05-27,Электроника,Наушники,Казань,7,3185.87,22301.09
853,2026-03-22,Продукты,Хлеб,Владивосток,3,1770.64,5311.92
854,2026-03-11,Канцтовары,Тетради,Казань,10,3251.65,32516.5
855,2026-04-16,Канцтовары,Маркеры,Санкт-Петербург,9,4830.39,43473.51
856,2026-06-19,Электроника,Мышь,Владивосток,3,3660.64,10981.92
857,2026-01-25,Продукты,Молоко,Москва,3,2033.46,6100.38
858,2026-05-15,Бытовые товары,Лампа,Москва,1,3872.99,3872.99
859,2026-06-17,Продукты,Сыр,Казань,10,843.95,8439.5
860,2026-04-24,Канцтовары,Ручки,Санкт-Петербург,4,3708.96,14835.84
861,2026-06-19,Электроника,Веб-камера,Владивосток,3,220.57,661.71
862,2026-05-19,Канцтовары,Папки,Владивосток,8,4876.91,39015.28
863,2026-06-01,Бытовые товары,Контейнер,Новосибирск,12,2733.29,32799.48
864,2026-05-17,Бытовые товары,Средство для уборки,Владивосток,9,3227.75,29049.75
865,2026-01-23,Канцтовары,Папки,Казань,9,1197.47,10777.23
866,2026-03-19,Канцтовары,Тетради,Москва,7,1358.25,9507.75
867,2026-05-01,Продукты,Чай,Новосибирск,3,1771.91,5315.73
868,2026-05-03,Продукты,Фрукты,Владивосток,8,4739.03,37912.24
869,2026-01-02,Продукты,Кофе,Новосибирск,5,3017.26,15086.3
870,2026-04-22,Канцтовары,Ручки,Казань,7,4420.24,30941.68
871,2026-04-10,Электроника,Клавиатура,Казань,12,3706.62,44479.44
872,2026-03-03,Электроника,Наушники,Новосибирск,2,2157.42,4314.84
873,2026-03-10,Канцтовары,Тетради,Казань,11,3735.2,41087.2
874,2026-01-29,Электроника,Мышь,Казань,3,752.19,2256.57
875,2026-02-18,Бытовые товары,Полотенце,Владивосток,12,3143.95,37727.4
876,2026-01-06,Продукты,Молоко,Санкт-Петербург,1,4851.0,4851.0
877,2026-04-23,Продукты,Сыр,Москва,5,695.19,3475.95
878,2026-02-25,Электроника,Мышь,Владивосток,3,152.45,457.35
879,2026-04-29,Бытовые товары,Полотенце,Москва,8,4989.98,39919.84
880,2026-04-11,Канцтовары,Бумага,Москва,3,355.71,1067.13
881,2026-03-06,Бытовые товары,Контейнер,Казань,4,4486.84,17947.36
882,2026-04-24,Продукты,Хлеб,Санкт-Петербург,12,1304.89,15658.68
883,2026-01-25,Продукты,Молоко,Новосибирск,8,3697.79,29582.32
884,2026-03-21,Электроника,Флешка,Владивосток,7,3432.7,24028.9
885,2026-05-14,Электроника,Мышь,Москва,12,4692.11,56305.32
886,2026-04-03,Канцтовары,Папки,Москва,11,1550.16,17051.76
887,2026-03-25,Электроника,Мышь,Москва,4,3193.91,12775.64
888,2026-03-04,Электроника,Наушники,Москва,10,668.68,6686.8
889,2026-06-02,Продукты,Чай,Санкт-Петербург,12,2418.33,29019.96
890,2026-01-24,Канцтовары,Бумага,Новосибирск,4,855.88,3423.52
891,2026-02-09,Канцтовары,Бумага,Новосибирск,1,1829.15,1829.15
892,2026-05-23,Продукты,Молоко,Владивосток,8,1224.76,9798.08
893,2026-04-02,Бытовые товары,Контейнер,Санкт-Петербург,1,3471.11,3471.11
894,2026-05-24,Канцтовары,Бумага,Владивосток,8,3556.6,28452.8
895,2026-03-31,Бытовые товары,Контейнер,Владивосток,10,998.2,9982.0
896,2026-05-22,Бытовые товары,Полотенце,Санкт-Петербург,10,4579.21,45792.1
897,2026-03-09,Продукты,Чай,Новосибирск,3,2290.97,6872.91
898,2026-05-10,Канцтовары,Папки,Казань,1,3897.52,3897.52
899,2026-06-08,Электроника,Мышь,Санкт-Петербург,10,4295.6,42956.0
900,2026-04-10,Канцтовары,Бумага,Санкт-Петербург,11,4838.44,53222.84
901,2026-04-15,Бытовые товары,Контейнер,Владивосток,10,1473.0,14730.0
902,2026-01-12,Продукты,Хлеб,Санкт-Петербург,9,3321.74,29895.66
903,2026-02-19,Электроника,Мышь,Москва,4,606.71,2426.84
904,2026-06-18,Продукты,Чай,Казань,11,4194.59,46140.49
905,2026-01-19,Канцтовары,Бумага,Москва,6,1165.96,6995.76
906,2026-06-13,Электроника,Флешка,Москва,2,2382.85,4765.7
907,2026-04-17,Канцтовары,Маркеры,Владивосток,12,4696.16,56353.92
908,2026-01-19,Продукты,Чай,Владивосток,5,2682.78,13413.9
909,2026-03-01,Продукты,Молоко,Новосибирск,9,557.83,5020.47
910,2026-03-05,Бытовые товары,Контейнер,Новосибирск,4,2668.86,10675.44
911,2026-01-28,Электроника,Веб-камера,Новосибирск,12,2826.06,33912.72
912,2026-01-27,Канцтовары,Папки,Санкт-Петербург,12,3352.99,40235.88
913,2026-06-18,Электроника,Веб-камера,Санкт-Петербург,7,2563.09,17941.63
914,2026-03-25,Бытовые товары,Полотенце,Владивосток,6,2786.4,16718.4
915,2026-03-03,Бытовые товары,Средство для уборки,Новосибирск,12,1671.38,20056.56
916,2026-03-07,Электроника,Флешка,Владивосток,9,4636.64,41729.76
917,2026-01-09,Бытовые товары,Средство для уборки,Владивосток,7,80.96,566.72
918,2026-03-19,Продукты,Чай,Москва,3,4967.59,14902.77
919,2026-01-06,Канцтовары,Ручки,Владивосток,4,4290.14,17160.56
920,2026-02-09,Электроника,Мышь,Санкт-Петербург,1,2345.02,2345.02
921,2026-03-07,Канцтовары,Тетради,Владивосток,10,1309.3,13093.0
922,2026-02-25,Продукты,Чай,Москва,7,2879.8,20158.6
923,2026-06-26,Канцтовары,Папки,Новосибирск,3,2482.32,7446.96
924,2026-05-28,Продукты,Чай,Казань,11,1557.93,17137.23
925,2026-04-22,Продукты,Хлеб,Казань,6,1791.82,10750.92
926,2026-06-04,Продукты,Молоко,Москва,12,3291.67,39500.04
927,2026-03-23,Бытовые товары,Лампа,Новосибирск,5,2659.97,13299.85
928,2026-02-09,Электроника,Наушники,Москва,9,3513.02,31617.18
929,2026-01-24,Бытовые товары,Средство для уборки,Санкт-Петербург,10,2910.25,29102.5
930,2026-03-28,Бытовые товары,Полотенце,Москва,7,808.22,5657.54
931,2026-01-22,Бытовые товары,Лампа,Казань,9,2044.02,18396.18
932,2026-02-20,Бытовые товары,Контейнер,Казань,3,2446.14,7338.42
933,2026-05-15,Бытовые товары,Контейнер,Санкт-Петербург,9,3110.7,27996.3
934,2026-03-24,Электроника,Мышь,Новосибирск,5,3901.72,19508.6
935,2026-04-04,Продукты,Хлеб,Владивосток,11,2114.82,23263.02
936,2026-01-07,Электроника,Наушники,Владивосток,6,3001.88,18011.28
937,2026-04-24,Электроника,Наушники,Новосибирск,10,4122.19,41221.9
938,2026-03-01,Электроника,Флешка,Санкт-Петербург,1,4627.13,4627.13
939,2026-01-29,Канцтовары,Ручки,Москва,12,4275.6,51307.2
940,2026-03-15,Электроника,Веб-камера,Москва,3,4354.26,13062.78
941,2026-01-06,Канцтовары,Бумага,Владивосток,5,2294.3,11471.5
942,2026-05-14,Электроника,Веб-камера,Владивосток,4,1082.7,4330.8
943,2026-01-05,Бытовые товары,Контейнер,Казань,12,3517.88,42214.56
944,2026-02-21,Продукты,Сыр,Новосибирск,3,375.74,1127.22
945,2026-01-03,Канцтовары,Бумага,Москва,8,3301.41,26411.28
946,2026-06-18,Бытовые товары,Полотенце,Владивосток,11,4272.25,46994.75
947,2026-06-16,Продукты,Хлеб,Казань,5,4347.66,21738.3
948,2026-01-26,Электроника,Флешка,Владивосток,9,4884.93,43964.37
949,2026-04-28,Бытовые товары,Лампа,Новосибирск,3,1058.47,3175.41
950,2026-03-20,Продукты,Хлеб,Владивосток,4,4617.57,18470.28
951,2026-03-30,Бытовые товары,Средство для уборки,Владивосток,12,852.47,10229.64
952,2026-05-09,Канцтовары,Тетради,Владивосток,4,4980.29,19921.16
953,2026-01-08,Продукты,Фрукты,Новосибирск,5,4403.09,22015.45
954,2026-04-11,Канцтовары,Ручки,Санкт-Петербург,3,1761.59,5284.77
955,2026-06-23,Продукты,Фрукты,Новосибирск,7,2641.93,18493.51
956,2026-04-20,Электроника,Флешка,Владивосток,4,2898.66,11594.64
957,2026-06-17,Канцтовары,Папки,Санкт-Петербург,9,728.32,6554.88
958,2026-05-15,Электроника,Клавиатура,Санкт-Петербург,5,3467.58,17337.9
959,2026-02-10,Бытовые товары,Контейнер,Владивосток,11,4670.51,51375.61
960,2026-01-31,Продукты,Чай,Санкт-Петербург,9,4747.12,42724.08
961,2026-03-23,Канцтовары,Ручки,Казань,12,225.06,2700.72
962,2026-06-13,Бытовые товары,Полотенце,Владивосток,8,3748.4,29987.2
963,2026-01-07,Электроника,Клавиатура,Новосибирск,2,727.21,1454.42
964,2026-06-02,Канцтовары,Маркеры,Санкт-Петербург,10,3092.82,30928.2
965,2026-05-03,Электроника,Мышь,Санкт-Петербург,6,471.02,2826.12
966,2026-05-06,Бытовые товары,Полотенце,Казань,3,4272.48,12817.44
967,2026-04-15,Электроника,Клавиатура,Москва,4,1193.26,4773.04
968,2026-02-21,Канцтовары,Папки,Санкт-Петербург,4,3732.44,14929.76
969,2026-05-06,Продукты,Молоко,Владивосток,8,4346.27,34770.16
970,2026-01-11,Бытовые товары,Контейнер,Новосибирск,7,2071.94,14503.58
971,2026-05-27,Бытовые товары,Полотенце,Новосибирск,7,3088.6,21620.2
972,2026-01-11,Продукты,Чай,Санкт-Петербург,2,2301.92,4603.84
973,2026-06-11,Бытовые товары,Лампа,Москва,9,1986.0,17874.0
974,2026-03-19,Электроника,Наушники,Владивосток,8,2038.36,16306.88
975,2026-01-14,Бытовые товары,Контейнер,Новосибирск,7,1528.55,10699.85
976,2026-05-09,Электроника,Флешка,Москва,11,2302.35,25325.85
977,2026-04-11,Электроника,Веб-камера,Казань,12,2768.32,33219.84
978,2026-06-01,Канцтовары,Папки,Санкт-Петербург,1,960.08,960.08
979,2026-06-16,Бытовые товары,Лампа,Санкт-Петербург,5,1674.45,8372.25
980,2026-06-12,Продукты,Хлеб,Владивосток,2,3554.64,7109.28
981,2026-05-11,Продукты,Чай,Новосибирск,12,1969.71,23636.52
982,2026-02-13,Электроника,Флешка,Владивосток,9,1952.59,17573.31
983,2026-01-14,Электроника,Клавиатура,Казань,3,960.02,2880.06
984,2026-04-25,Канцтовары,Тетради,Владивосток,12,3861.66,46339.92
985,2026-01-01,Электроника,Мышь,Новосибирск,3,4805.33,14415.99
986,2026-05-08,Канцтовары,Бумага,Новосибирск,8,2528.33,20226.64
987,2026-05-31,Продукты,Чай,Казань,8,1250.36,10002.88
988,2026-06-03,Бытовые товары,Средство для уборки,Москва,8,470.67,3765.36
989,2026-05-23,Электроника,Веб-камера,Санкт-Петербург,5,3129.25,15646.25
990,2026-03-31,Продукты,Молоко,Москва,3,350.91,1052.73
991,2026-06-04,Электроника,Мышь,Владивосток,11,2924.22,32166.42
992,2026-02-15,Канцтовары,Бумага,Санкт-Петербург,1,615.73,615.73
993,2026-06-02,Канцтовары,Маркеры,Новосибирск,11,3482.25,38304.75
994,2026-01-10,Электроника,Флешка,Москва,12,2928.51,35142.12
995,2026-01-18,Канцтовары,Тетради,Казань,6,4495.85,26975.1
996,2026-06-27,Продукты,Сыр,Владивосток,8,741.97,5935.76
997,2026-06-28,Канцтовары,Маркеры,Санкт-Петербург,7,2661.26,18628.82
998,2026-06-11,Продукты,Хлеб,Новосибирск,10,3670.26,36702.6
999,2026-06-30,Продукты,Кофе,Владивосток,12,3468.18,41618.16
1000,2026-06-09,Бытовые товары,Полотенце,Владивосток,5,2664.92,13324.6
